{
  "fast_low": 0.3911973893204724,
  "medium_low": 0.6015060610097259,
  "slow_low": 0.8298057758021873,
  "fast_high": 0.9784028838942157,
  "medium_high": 0.8799083919188776,
  "slow_high": 0.8298057758021873,
  "calibrated_at": "2026-02-25T21:35:00",
  "samples": 80,
  "attractors": 20,
  "method": "percentile_with_learning"
}